/*
SQLyog Ultimate v12.3.1 (64 bit)
MySQL - 5.7.26 : Database - fastdb
*********************************************************************
*/

/*!40101 SET NAMES utf8 */;

/*!40101 SET SQL_MODE=''*/;

/*!40014 SET @OLD_UNIQUE_CHECKS=@@UNIQUE_CHECKS, UNIQUE_CHECKS=0 */;
/*!40014 SET @OLD_FOREIGN_KEY_CHECKS=@@FOREIGN_KEY_CHECKS, FOREIGN_KEY_CHECKS=0 */;
/*!40101 SET @OLD_SQL_MODE=@@SQL_MODE, SQL_MODE='NO_AUTO_VALUE_ON_ZERO' */;
/*!40111 SET @OLD_SQL_NOTES=@@SQL_NOTES, SQL_NOTES=0 */;
CREATE DATABASE /*!32312 IF NOT EXISTS*/`fastdb` /*!40100 DEFAULT CHARACTER SET utf8mb4 COLLATE utf8mb4_bin */;

USE `fastdb`;

/*Data for the table `sys_comp` */

insert  into `sys_comp`(`comp_id`,`parent_id`,`name`,`remark`,`order_num`,`del_flag`,`status`,`create_time`,`create_by`,`update_by`,`update_time`) values 
(1,0,'总公司','根部公司',0,'0','0','2019-12-21 23:54:41','','',NULL),
(1236303334564106350,1,'北京有限公司','北京公司',2,'0','0','2020-03-15 16:31:16','','',NULL),
(1239875326212898817,1,'南京有限公司','',3,'0','0','2020-03-17 19:24:48','admin','',NULL);

/*Data for the table `sys_comp_dept` */

/*Data for the table `sys_config` */

insert  into `sys_config`(`id`,`param_name`,`param_key`,`param_value`,`config_type`,`del_flag`,`remark`,`create_by`,`create_time`,`update_time`,`update_by`) values 
(1,'云存储','CLOUD_STORAGE_CONFIG_KEY','{\"type\":1,\"qiniuDomain\":\"http://7xqbwh.dl1.z0.glb.clouddn.com\",\"qiniuPrefix\":\"upload\",\"qiniuAccessKey\":\"NrgMfABZxWLo5B-YYSjoE8-AZ1EISdi1Z3ubLOeZ\",\"qiniuSecretKey\":\"uIwJHevMRWU0VLxFvgy0tAcOdGqasdtVlJkdy6vV\",\"qiniuBucketName\":\"ios-app\",\"aliyunDomain\":\"\",\"aliyunPrefix\":\"\",\"aliyunEndPoint\":\"\",\"aliyunAccessKeyId\":\"\",\"aliyunAccessKeySecret\":\"\",\"aliyunBucketName\":\"\",\"qcloudDomain\":\"\",\"qcloudPrefix\":\"\",\"qcloudSecretId\":\"\",\"qcloudSecretKey\":\"\",\"qcloudBucketName\":\"\"}','Y','0','云存储配置信息','','2019-12-24 10:12:02',NULL,''),
(2,'项目标题','SYS_CONFIG_TITLE','FAST云系统OS','Y','0','系统名称','','2019-12-24 10:12:03','2020-02-10 19:14:21','admin'),
(4,'项目版本','SYS_CONFIG_VERSION','2.0.2','Y','0','系统版本','','2019-12-24 10:12:07','2020-01-01 19:10:31','admin'),
(5,'系统参数','SYS_CONFIG_KEY','{\"login_maxCount\":100,\"login_NumCount\":3,\"lock_time\":5,\"company\":\"j2eefast.com\",\"copyrightYear\":\"2020\",\"ipc\":\"沪ICP备19011039号\"}','Y','0','系统参数配置、登陆错误次数锁定账户时间、所属公司','','2019-12-24 10:12:08','2020-02-13 07:07:51','admin'),
(7,'JS版本','SYS_CONFIG_DV_VERSION','20191224','Y','0','JS\\CSS版本-日期表示','','2019-12-24 10:12:11','2019-12-05 20:09:35','admin'),
(8,'项目小标题','SYS_CONFIG_TITLE_MINI','FOS','Y','0','系统简称','','2019-12-24 10:12:13','2020-02-10 19:14:31','admin'),
(11,'上传路径','SYS_CONFIG_PROFILE','/home/fast/fastweb/file/uploadPath','Y','0','项目静态文件','','2019-12-24 10:12:18','2020-03-14 23:13:47','admin'),
(12,' 用户管理-账号初始密码','SYS_USER_INITPASSWORD','123456','Y','0','用户初始密码','','2019-12-24 10:12:20','2020-01-02 09:26:18','admin'),
(13,'项目页面压缩','SYS_COMPRESS','false','Y','0','项目输出前端页面是否压缩 true 压缩 false 不压缩 注意:开启页面压缩页面JS不能使用// 做注解 可以使用 /**/','admin','2019-12-27 10:51:49','2020-02-13 08:45:30','admin'),
(14,'登陆排挤','SYS_IS_LOGIN','1','Y','0','同一账户只能一个人登陆 0 支持 1不支持','admin','2020-01-10 18:50:31','2019-12-23 01:40:16','admin'),
(15,'屏保时间','SYS_LOCK_SCEREEN','{\"time\":30,\"flag\":true}','Y','0','是否开启true  false 自动屏保及时间(分钟)','admin','2020-01-18 19:29:17','2019-12-31 00:28:26','admin'),
(16,'主框架页-默认皮肤样式名称','SYS_INDEX_SKINNAME','skin-blue-light','Y','0','skin-black-light、skin-black、skin-blue-light、skin-blue、skin-green-light、skin-green、skin-purple-light、skin-purple、skin-red-light、skin-red、skin-yellow-light、skin-yellow','admin','2020-02-03 11:31:11','2020-01-10 12:06:06','admin'),
(17,'项目文件库','SYS_CONFIG_FILE','/home/fast/fastweb/file','Y','0','系统默认文件库','admin','2020-02-13 14:56:22','2020-03-14 23:08:41','admin');

/*Data for the table `sys_dept` */

insert  into `sys_dept`(`dept_id`,`parent_id`,`name`,`type`,`order_num`,`del_flag`,`status`,`create_time`,`create_by`,`update_by`,`update_time`,`remark`) values 
(1,0,'中国',0,0,'0','0','2019-12-22 13:14:30',NULL,NULL,NULL,''),
(2,1,'上海市',0,1,'0','0','2019-12-22 13:14:32',NULL,NULL,NULL,''),
(1238849577246834689,1,'北京市',0,1,'0','0','2020-03-14 23:28:51','admin','',NULL,'');

/*Data for the table `sys_dict_data` */

insert  into `sys_dict_data`(`dict_code`,`dict_sort`,`dict_label`,`dict_value`,`dict_type`,`css_class`,`del_flag`,`is_sys`,`status`,`css_style`,`list_class`,`is_default`,`create_by`,`create_time`,`update_by`,`update_time`,`remark`) values 
(1,1,'男','0','sys_user_sex','','0','Y','0','','','Y','admin','2018-03-16 11:33:00','ry','2018-03-16 11:33:00','性别男'),
(2,2,'女','1','sys_user_sex','','0','Y','0','','','N','admin','2018-03-16 11:33:00','ry','2018-03-16 11:33:00','性别女'),
(3,3,'未知','2','sys_user_sex','','0','Y','0','','','N','admin','2018-03-16 11:33:00','ry','2018-03-16 11:33:00','性别未知'),
(4,1,'显示','0','sys_show_hide','','0','Y','0','','primary','Y','admin','2018-03-16 11:33:00','admin','2019-12-01 02:34:17','显示菜单'),
(5,2,'隐藏','1','sys_show_hide','','0','Y','0','','danger','N','admin','2018-03-16 11:33:00','ry','2018-03-16 11:33:00','隐藏菜单'),
(6,1,'正常','0','sys_normal_disable','','0','Y','0','','primary','Y','admin','2018-03-16 11:33:00','ry','2018-03-16 11:33:00','正常状态'),
(7,2,'停用','1','sys_normal_disable','','0','Y','0','','danger','N','admin','2018-03-16 11:33:00','ry','2018-03-16 11:33:00','停用状态'),
(8,1,'正常','0','sys_job_status','','0','Y','0','','primary','Y','admin','2018-03-16 11:33:00','ry','2018-03-16 11:33:00','正常状态'),
(9,2,'暂停','1','sys_job_status','','0','Y','0','','danger','N','admin','2018-03-16 11:33:00','ry','2018-03-16 11:33:00','停用状态'),
(10,1,'默认','DEFAULT','sys_job_group','','0','Y','0','','','Y','admin','2018-03-16 11:33:00','ry','2018-03-16 11:33:00','默认分组'),
(11,2,'系统','SYSTEM','sys_job_group','','0','Y','0','','','N','admin','2018-03-16 11:33:00','ry','2018-03-16 11:33:00','系统分组'),
(12,1,'是','Y','sys_yes_no','','0','Y','0','','primary','Y','admin','2018-03-16 11:33:00','ry','2018-03-16 11:33:00','系统默认是'),
(13,2,'否','N','sys_yes_no','','0','Y','0','','danger','N','admin','2018-03-16 11:33:00','ry','2018-03-16 11:33:00','系统默认否'),
(14,1,'通知','1','sys_notice_type','','0','Y','0','','warning','Y','admin','2018-03-16 11:33:00','ry','2018-03-16 11:33:00','通知'),
(15,2,'公告','2','sys_notice_type','','0','Y','0','','success','N','admin','2018-03-16 11:33:00','ry','2018-03-16 11:33:00','公告'),
(16,1,'正常','0','sys_notice_status','','0','Y','0','','primary','Y','admin','2018-03-16 11:33:00','ry','2018-03-16 11:33:00','正常状态'),
(17,2,'关闭','1','sys_notice_status','','0','Y','0','','danger','N','admin','2018-03-16 11:33:00','ry','2018-03-16 11:33:00','关闭状态'),
(18,1,'新增','1','sys_oper_type','','0','Y','0','','info','N','admin','2018-03-16 11:33:00','ry','2018-03-16 11:33:00','新增操作'),
(19,2,'修改','2','sys_oper_type','','0','Y','0','','info','N','admin','2018-03-16 11:33:00','ry','2018-03-16 11:33:00','修改操作'),
(20,3,'删除','3','sys_oper_type','','0','Y','0','','danger','N','admin','2018-03-16 11:33:00','ry','2018-03-16 11:33:00','删除操作'),
(21,4,'授权','4','sys_oper_type','','0','Y','0','','primary','N','admin','2018-03-16 11:33:00','ry','2018-03-16 11:33:00','授权操作'),
(22,5,'导出','5','sys_oper_type','','0','Y','0','','warning','N','admin','2018-03-16 11:33:00','ry','2018-03-16 11:33:00','导出操作'),
(23,6,'导入','6','sys_oper_type','','0','Y','0','','warning','N','admin','2018-03-16 11:33:00','ry','2018-03-16 11:33:00','导入操作'),
(24,7,'强退','7','sys_oper_type','','0','Y','0','','danger','N','admin','2018-03-16 11:33:00','ry','2018-03-16 11:33:00','强退操作'),
(25,8,'生成代码','8','sys_oper_type','','0','Y','0','','warning','N','admin','2018-03-16 11:33:00','ry','2018-03-16 11:33:00','生成操作'),
(26,9,'清空数据','9','sys_oper_type','','0','Y','0','','danger','N','admin','2018-03-16 11:33:00','ry','2018-03-16 11:33:00','清空操作'),
(27,1,'成功','0','sys_common_status','','0','Y','0','','primary','N','admin','2018-03-16 11:33:00','ry','2018-03-16 11:33:00','正常状态'),
(28,2,'失败','1','sys_common_status','','0','Y','0','','danger','N','admin','2018-03-16 11:33:00','ry','2018-03-16 11:33:00','停用状态'),
(29,1,'正常','0','sys_user_show_hide',NULL,'0','Y','0','','primary','Y','admin','2019-12-19 17:39:34','',NULL,'用户正常状态'),
(30,2,'禁用','1','sys_user_show_hide','','0','Y','0','','danger','N','admin','2019-12-19 17:40:10','admin','2019-12-01 02:54:23','用户禁用状态'),
(31,1,'地区','0','sys_dept_line',NULL,'0','Y','0','','primary','Y','admin','2019-12-22 13:07:31','',NULL,'地区字典'),
(32,1,'线路','1','sys_dept_line','','0','Y','0','','warning','N','admin','2019-12-22 13:08:02','admin','2019-12-03 22:13:19','线路显示'),
(33,0,'在线','0','sys_monitor_online','','0','Y','0','','success','Y','admin','2019-12-23 16:06:32','admin','2019-12-05 00:31:38','用户在线'),
(34,1,'离线','1','sys_monitor_online',NULL,'0','Y','0','','warning','N','admin','2019-12-23 16:07:07','',NULL,'用户离线'),
(35,0,'成功','00000','sys_login_status',NULL,'0','Y','0','','primary','Y','admin','2019-12-23 17:17:20','',NULL,'登陆成功'),
(36,1,'失败','-1','sys_login_status',NULL,'0','Y','0','','warning','N','admin','2019-12-23 17:17:59','',NULL,'其他失败情况'),
(37,0,'纸币','1','sys_pay_type','label label-primary','0','Y','0','','','Y','admin','2019-12-25 11:04:01','admin','2019-12-30 02:22:06','交易纸币'),
(38,1,'硬币','2','sys_pay_type','label label-success','0','Y','0','','','N','admin','2019-12-25 11:04:38','admin','2019-12-30 02:22:22','硬币类型'),
(39,2,'公交卡','3','sys_pay_type','label label-warning','0','Y','0','','','N','admin','2019-12-25 11:05:11','admin','2019-12-30 02:22:55','公交卡类型'),
(40,3,'微信','4','sys_pay_type','label label-info','0','Y','0','','','N','admin','2019-12-25 11:06:04','admin','2019-12-30 02:23:18','微信类型'),
(41,4,'支付宝','5','sys_pay_type','label label-default','0','Y','0','','','N','admin','2019-12-25 11:06:37','admin','2019-12-30 02:23:33','支付宝类型'),
(42,0,'空闲','0000','sys_bag_status','','0','Y','0','','primary','Y','admin','2019-12-25 16:40:03','admin','2019-12-08 22:52:33','钞袋空闲'),
(43,1,'使用中','0001','sys_bag_status','','0','Y','0','','success','N','admin','2019-12-25 16:41:08','admin','2019-12-08 22:52:44','钞袋使用中'),
(44,2,'清机完成未入胆','0002','sys_bag_status',NULL,'0','Y','0','','warning','N','admin','2019-12-25 16:42:20','',NULL,'钞袋清机完成未入胆'),
(45,3,'钞袋在胆箱中','0003','sys_bag_status',NULL,'0','Y','0','','info','N','admin','2019-12-25 16:42:52','',NULL,'钞袋胆箱中'),
(46,4,'清胆完成未入库','0004','sys_bag_status',NULL,'0','Y','0','','warning','N','admin','2019-12-25 16:43:27','',NULL,'清单完成未入库'),
(47,5,'入库完成,等待处理','0005','sys_bag_status','','0','Y','0','','success','N','admin','2019-12-25 16:43:59','admin','2019-12-08 22:52:22','完成入库，未处理'),
(48,0,'初始密码','0','sys_user_passwordModifySecurityLevel','','0','Y','0','','danger','Y','admin','2019-12-29 17:33:11','admin','2020-01-30 22:46:46','用户密码为初始密码'),
(49,1,'非常弱','1','sys_user_passwordModifySecurityLevel',NULL,'0','Y','0','','danger','N','admin','2019-12-29 17:35:16','',NULL,'密码等级'),
(50,2,'弱','2','sys_user_passwordModifySecurityLevel','','0','Y','0','','danger','N','admin','2019-12-29 17:36:18','admin','2019-12-11 01:50:28','密码等级弱'),
(51,3,'一般','3','sys_user_passwordModifySecurityLevel',NULL,'0','Y','0','','warning','N','admin','2019-12-29 17:37:01','',NULL,'密码等级一般'),
(52,4,'强','4','sys_user_passwordModifySecurityLevel',NULL,'0','Y','0','','success','N','admin','2019-12-29 17:37:54','',NULL,'密码安全等级强'),
(53,5,'非常强','5','sys_user_passwordModifySecurityLevel','','0','Y','0','','success','N','admin','2019-12-29 17:38:25','admin','2019-12-11 01:52:09','密码等级非常强'),
(54,6,'安全','6','sys_user_passwordModifySecurityLevel',NULL,'0','Y','0','','primary','N','admin','2019-12-29 17:39:10','',NULL,'密码等级安全'),
(55,7,'非常安全','7','sys_user_passwordModifySecurityLevel',NULL,'0','Y','0','','primary','N','admin','2019-12-29 17:39:37','',NULL,'密码等级最高级别安全'),
(56,0,'中文(简体)','zh_CN','sys_lang_type','','0','Y','0','','default','Y','admin','2020-01-05 14:39:47','admin','2019-12-17 22:49:13','中文'),
(57,1,'English','en_US','sys_lang_type','','0','Y','0','','default','N','admin','2020-01-05 14:40:32','admin','2020-01-07 20:04:28','英文字体'),
(59,1,'月报表','1','bcs_poi_type','','0','Y','0','','success','N','admin','2020-01-08 10:56:14','',NULL,'月报表'),
(64,0,'主数据库','0','sys_db','','0','Y','0','','primary','Y','admin','2020-01-09 14:23:51','',NULL,'主数据库'),
(66,2,'한국어','ko_KR','sys_lang_type','','0','Y','0','','default','N','admin','2020-01-29 22:47:51','admin','2020-01-08 07:15:59','韩语'),
(67,3,'日本語','ja_JP','sys_lang_type','','0','Y','0','','default','N','admin','2020-01-29 23:11:28','',NULL,'日本语言'),
(68,4,'中文(繁體)','hkzh_TW','sys_lang_type','','0','Y','0','','default','N','admin','2020-01-30 11:19:35','',NULL,'中文简体'),
(69,0,'目录','0','sys_menu_type','label label-success','0','Y','0','','','N','admin','2020-02-01 16:42:21','',NULL,'菜单目录'),
(70,1,'菜单','1','sys_menu_type','label label-primary','0','Y','0','','','Y','admin','2020-02-01 16:44:06','',NULL,'菜单'),
(71,2,'权限','2','sys_menu_type','label label-warning','0','Y','0','','','N','admin','2020-02-01 16:50:27','admin','2020-01-11 22:49:48','权限按钮'),
(72,0,'Tab打开','_tab','sys_menu_target','','0','Y','0','','primary','Y','admin','2020-02-07 10:50:17','admin','2020-01-12 22:10:20','菜单打开已TAB形式打开'),
(73,1,'新窗口','_blank','sys_menu_target','','0','Y','0','','info','N','admin','2020-02-07 10:53:07','admin','2020-01-12 22:10:31','在新窗口打开_blank'),
(74,2,'弹出窗体','_alert','sys_menu_target','','0','Y','0','','warning','N','admin','2020-02-07 10:54:51','admin','2020-01-12 22:10:40','弹出窗口形式'),
(75,3,'全屏','_fullscreen','sys_menu_target','','0','Y','0','','danger','N','admin','2020-02-07 13:30:58','admin','2020-01-12 22:24:11','打开窗体全屏显示'),
(82,0,'默认','default','sys_table_actions_type','','0','N','0','','','Y','admin','2020-02-12 16:44:19','admin','2020-01-16 13:21:34','默认风格'),
(83,1,'图标','icon','sys_table_actions_type','','0','N','0','','','N','admin','2020-02-12 16:51:59','',NULL,'操作按钮图标'),
(84,0,'正常','0','sys_module_status','','0','Y','0','','primary','Y','admin','2020-02-14 19:39:35','admin','2020-01-17 16:12:38','正常'),
(85,1,'停用','1','sys_module_status','','0','Y','0','','danger','N','admin','2020-02-14 19:40:24','admin','2020-01-20 23:52:10',''),
(86,2,'未安装','2','sys_module_status','','0','Y','0','','danger','N','admin','2020-02-14 19:41:01','',NULL,NULL),
(87,0,'高层','1','sys_post_type','','0','Y','0','','','N','admin','2020-02-27 17:41:47','',NULL,NULL),
(88,1,'中层','2','sys_post_type','','0','Y','0','','','N','admin','2020-02-27 17:42:20','admin','2020-01-29 23:48:22',''),
(89,2,'基层','3','sys_post_type','','0','Y','0','','','Y','admin','2020-02-27 17:42:52','',NULL,NULL),
(90,3,'其他','4','sys_post_type','','0','Y','0','','','N','admin','2020-02-27 17:44:11','',NULL,NULL),
(91,0,'正常','0','sys_status','','0','Y','0','','primary','Y','admin','2020-02-27 18:04:01','',NULL,'正常'),
(92,1,'停用','1','sys_status','','0','Y','0','','danger','N','admin','2020-02-27 18:04:21','admin','2020-01-30 00:09:54','');

/*Data for the table `sys_dict_type` */

insert  into `sys_dict_type`(`dict_id`,`dict_name`,`dict_type`,`is_sys`,`del_flag`,`status`,`create_by`,`create_time`,`update_by`,`update_time`,`remark`) values 
(1106120265689055233,'状态','sys_status','Y','0','0','admin','2020-02-27 18:03:27','',NULL,NULL),
(1106120532442595330,'用户性别','sys_user_sex','Y','0','0','admin','2018-03-16 11:33:00','ry','2018-03-16 11:33:00','用户性别列表'),
(1106120574163337218,'菜单状态','sys_show_hide','Y','0','0','admin','2018-03-16 11:33:00','admin','2019-11-29 22:17:20','菜单状态列表'),
(1106120645697191938,'系统开关','sys_normal_disable','Y','0','0','admin','2018-03-16 11:33:00','ry','2018-03-16 11:33:00','系统开关列表'),
(1106120699468169217,'任务状态','sys_job_status','Y','0','0','admin','2018-03-16 11:33:00','ry','2018-03-16 11:33:00','任务状态列表'),
(1106120784318939137,'任务分组','sys_job_group','Y','0','0','admin','2018-03-16 11:33:00','ry','2018-03-16 11:33:00','任务分组列表'),
(1106120825993543682,'系统是否','sys_yes_no','Y','0','0','admin','2018-03-16 11:33:00','ry','2018-03-16 11:33:00','系统是否列表'),
(1106120875872206849,'通知类型','sys_notice_type','Y','0','0','admin','2018-03-16 11:33:00','ry','2018-03-16 11:33:00','通知类型列表'),
(1106120935070613505,'通知状态','sys_notice_status','Y','0','0','admin','2018-03-16 11:33:00','ry','2018-03-16 11:33:00','通知状态列表'),
(1106120968910258177,'操作类型','sys_oper_type','Y','0','0','admin','2018-03-16 11:33:00','ry','2018-03-16 11:33:00','操作类型列表'),
(1149218674746355713,'系统状态','sys_common_status','Y','0','0','admin','2018-03-16 11:33:00','ry','2018-03-16 11:33:00','登录状态列表'),
(1160532775455047681,'模块状态标志','sys_module_status','Y','0','0','admin','2020-02-14 18:49:20','',NULL,'模块状态标志'),
(1160532886713155585,'岗位分类','sys_post_type','Y','0','0','admin','2020-02-27 17:40:05','',NULL,'岗位分类'),
(1160533264645111810,'用户状态0','sys_user_show_hide','Y','0','0','admin','2019-12-19 17:38:33','admin','2019-12-01 23:49:00','用户状态列表'),
(1160533377727741954,'地区线路','sys_dept_line','Y','0','0','admin','2019-12-22 12:57:47','',NULL,'地区线路标志'),
(1160533455343337474,'用户监控','sys_monitor_online','Y','0','0','admin','2019-12-23 15:52:34','',NULL,'用户监控状态'),
(1160533574843252737,'登陆状态','sys_login_status','Y','0','0','admin','2019-12-23 17:15:43','',NULL,'系统登陆状态'),
(1160533625615302658,'密码安全策略','sys_user_passwordModifySecurityLevel','Y','0','0','admin','2019-12-29 17:30:21','',NULL,'密码安全等级'),
(1160533707215486977,'国际化语言类型','sys_lang_type','Y','0','0','admin','2020-01-05 14:15:33','admin','2019-12-17 22:21:09','国际化语言'),
(1160533765403066370,'数据库类型','sys_db','Y','0','0','admin','2020-01-09 14:21:58','admin','2020-01-02 08:27:14','数据库类型'),
(1160533863834992641,'菜单类型','sys_menu_type','Y','0','0','admin','2020-02-01 16:39:17','',NULL,'菜单类型'),
(1160533945309347841,'菜单目标','sys_menu_target','Y','0','0','admin','2020-02-07 10:46:07','',NULL,'左侧菜单打开呈现方式'),
(1160534007389241346,'表格操作风格','sys_table_actions_type','Y','0','0','admin','2020-02-12 16:43:07','admin','2020-01-16 23:41:47','菜单表格操作按钮风格');

/*Data for the table `sys_index` */

insert  into `sys_index`(`help_topic_id`,`temp`) values 
(0,''),
(1,''),
(2,''),
(3,''),
(4,''),
(5,''),
(6,''),
(7,''),
(8,''),
(9,''),
(10,''),
(11,''),
(12,''),
(13,''),
(14,''),
(15,''),
(16,''),
(17,''),
(18,''),
(19,''),
(20,''),
(21,''),
(22,''),
(23,''),
(24,''),
(25,''),
(26,''),
(27,''),
(28,''),
(29,''),
(30,''),
(31,''),
(32,''),
(33,''),
(34,''),
(35,''),
(36,''),
(37,''),
(38,''),
(39,''),
(40,''),
(41,''),
(42,''),
(43,''),
(44,''),
(45,''),
(46,''),
(47,''),
(48,''),
(49,''),
(50,''),
(51,''),
(52,''),
(53,''),
(54,''),
(55,''),
(56,''),
(57,''),
(58,''),
(59,''),
(60,''),
(61,''),
(62,''),
(63,''),
(64,''),
(65,''),
(66,''),
(67,''),
(68,''),
(69,''),
(70,''),
(71,''),
(72,''),
(73,''),
(74,''),
(75,''),
(76,''),
(77,''),
(78,''),
(79,''),
(80,''),
(81,''),
(82,''),
(83,''),
(84,''),
(85,''),
(86,''),
(87,''),
(88,''),
(89,''),
(90,''),
(91,''),
(92,''),
(93,''),
(94,''),
(95,''),
(96,''),
(97,''),
(98,''),
(99,''),
(100,''),
(101,''),
(102,''),
(103,''),
(104,''),
(105,''),
(106,''),
(107,''),
(108,''),
(109,''),
(110,''),
(111,''),
(112,''),
(113,''),
(114,''),
(115,''),
(116,''),
(117,''),
(118,''),
(119,''),
(120,''),
(121,''),
(122,''),
(123,''),
(124,''),
(125,''),
(126,''),
(127,''),
(128,''),
(129,''),
(130,''),
(131,''),
(132,''),
(133,''),
(134,''),
(135,''),
(136,''),
(137,''),
(138,''),
(139,''),
(140,''),
(141,''),
(142,''),
(143,''),
(144,''),
(145,''),
(146,''),
(147,''),
(148,''),
(149,''),
(150,''),
(151,''),
(152,''),
(153,''),
(154,''),
(155,''),
(156,''),
(157,''),
(158,''),
(159,''),
(160,''),
(161,''),
(162,''),
(163,''),
(164,''),
(165,''),
(166,''),
(167,''),
(168,''),
(169,''),
(170,''),
(171,''),
(172,''),
(173,''),
(174,''),
(175,''),
(176,''),
(177,''),
(178,''),
(179,''),
(180,''),
(181,''),
(182,''),
(183,''),
(184,''),
(185,''),
(186,''),
(187,''),
(188,''),
(189,''),
(190,''),
(191,''),
(192,''),
(193,''),
(194,''),
(195,''),
(196,''),
(197,''),
(198,''),
(199,''),
(200,''),
(201,''),
(202,''),
(203,''),
(204,''),
(205,''),
(206,''),
(207,''),
(208,''),
(209,''),
(210,''),
(211,''),
(212,''),
(213,''),
(214,''),
(215,''),
(216,''),
(217,''),
(218,''),
(219,''),
(220,''),
(221,''),
(222,''),
(223,''),
(224,''),
(225,''),
(226,''),
(227,''),
(228,''),
(229,''),
(230,''),
(231,''),
(232,''),
(233,''),
(234,''),
(235,''),
(236,''),
(237,''),
(238,''),
(239,''),
(240,''),
(241,''),
(242,''),
(243,''),
(244,''),
(245,''),
(246,''),
(247,''),
(248,''),
(249,''),
(250,''),
(251,''),
(252,''),
(253,''),
(254,''),
(255,''),
(256,''),
(257,''),
(258,''),
(259,''),
(260,''),
(261,''),
(262,''),
(263,''),
(264,''),
(265,''),
(266,''),
(267,''),
(268,''),
(269,''),
(270,''),
(271,''),
(272,''),
(273,''),
(274,''),
(275,''),
(276,''),
(277,''),
(278,''),
(279,''),
(280,''),
(281,''),
(282,''),
(283,''),
(284,''),
(285,''),
(286,''),
(287,''),
(288,''),
(289,''),
(290,''),
(291,''),
(292,''),
(293,''),
(294,''),
(295,''),
(296,''),
(297,''),
(298,''),
(299,''),
(300,''),
(301,''),
(302,''),
(303,''),
(304,''),
(305,''),
(306,''),
(307,''),
(308,''),
(309,''),
(310,''),
(311,''),
(312,''),
(313,''),
(314,''),
(315,''),
(316,''),
(317,''),
(318,''),
(319,''),
(320,''),
(321,''),
(322,''),
(323,''),
(324,''),
(325,''),
(326,''),
(327,''),
(328,''),
(329,''),
(330,''),
(331,''),
(332,''),
(333,''),
(334,''),
(335,''),
(336,''),
(337,''),
(338,''),
(339,''),
(340,''),
(341,''),
(342,''),
(343,''),
(344,''),
(345,''),
(346,''),
(347,''),
(348,''),
(349,''),
(350,''),
(351,''),
(352,''),
(353,''),
(354,''),
(355,''),
(356,''),
(357,''),
(358,''),
(359,''),
(360,''),
(361,''),
(362,''),
(363,''),
(364,''),
(365,''),
(366,''),
(367,''),
(368,''),
(369,''),
(370,''),
(371,''),
(372,''),
(373,''),
(374,''),
(375,''),
(376,''),
(377,''),
(378,''),
(379,''),
(380,''),
(381,''),
(382,''),
(383,''),
(384,''),
(385,''),
(386,''),
(387,''),
(388,''),
(389,''),
(390,''),
(391,''),
(392,''),
(393,''),
(394,''),
(395,''),
(396,''),
(397,''),
(398,''),
(399,''),
(400,''),
(401,''),
(402,''),
(403,''),
(404,''),
(405,''),
(406,''),
(407,''),
(408,''),
(409,''),
(410,''),
(411,''),
(412,''),
(413,''),
(414,''),
(415,''),
(416,''),
(417,''),
(418,''),
(419,''),
(420,''),
(421,''),
(422,''),
(423,''),
(424,''),
(425,''),
(426,''),
(427,''),
(428,''),
(429,''),
(430,''),
(431,''),
(432,''),
(433,''),
(434,''),
(435,''),
(436,''),
(437,''),
(438,''),
(439,''),
(440,''),
(441,''),
(442,''),
(443,''),
(444,''),
(445,''),
(446,''),
(447,''),
(448,''),
(449,''),
(450,''),
(451,''),
(452,''),
(453,''),
(454,''),
(455,''),
(456,''),
(457,''),
(458,''),
(459,''),
(460,''),
(461,''),
(462,''),
(463,''),
(464,''),
(465,''),
(466,''),
(467,''),
(468,''),
(469,''),
(470,''),
(471,''),
(472,''),
(473,''),
(474,''),
(475,''),
(476,''),
(477,''),
(478,''),
(479,''),
(480,''),
(481,''),
(482,''),
(483,''),
(484,''),
(485,''),
(486,''),
(487,''),
(488,''),
(489,''),
(490,''),
(491,''),
(492,''),
(493,''),
(494,''),
(495,''),
(496,''),
(497,''),
(498,''),
(499,''),
(500,''),
(501,''),
(502,''),
(503,''),
(504,''),
(505,''),
(506,''),
(507,''),
(508,''),
(509,''),
(510,''),
(511,''),
(512,''),
(513,''),
(514,''),
(515,''),
(516,''),
(517,''),
(518,''),
(519,''),
(520,''),
(521,''),
(522,''),
(523,''),
(524,''),
(525,''),
(526,''),
(527,''),
(528,''),
(529,''),
(530,''),
(531,''),
(532,''),
(533,''),
(534,''),
(535,''),
(536,''),
(537,''),
(538,''),
(539,''),
(540,''),
(541,''),
(542,''),
(543,''),
(544,''),
(545,''),
(546,''),
(547,''),
(548,''),
(549,''),
(550,''),
(551,''),
(552,''),
(553,''),
(554,''),
(555,''),
(556,''),
(557,''),
(558,''),
(559,''),
(560,''),
(561,''),
(562,''),
(563,''),
(564,''),
(565,''),
(566,''),
(567,''),
(568,''),
(569,''),
(570,''),
(571,''),
(572,''),
(573,''),
(574,''),
(575,''),
(576,''),
(577,''),
(578,''),
(579,''),
(580,''),
(581,''),
(582,''),
(583,''),
(584,''),
(585,''),
(586,''),
(587,''),
(588,''),
(589,''),
(590,''),
(591,''),
(592,''),
(593,''),
(594,''),
(595,''),
(596,''),
(597,''),
(598,''),
(599,''),
(600,''),
(601,''),
(602,''),
(603,''),
(604,''),
(605,''),
(606,''),
(607,''),
(608,''),
(609,''),
(610,''),
(611,''),
(612,''),
(613,''),
(614,''),
(615,''),
(616,''),
(617,''),
(618,''),
(619,''),
(620,''),
(621,''),
(622,''),
(623,''),
(624,''),
(625,''),
(626,''),
(627,''),
(628,''),
(629,''),
(630,''),
(631,''),
(632,''),
(633,''),
(634,''),
(635,''),
(636,''),
(637,''),
(638,''),
(639,''),
(640,''),
(641,''),
(642,''),
(643,''),
(644,''),
(645,''),
(646,''),
(647,''),
(648,''),
(649,''),
(650,''),
(651,''),
(652,''),
(653,''),
(654,''),
(655,''),
(656,''),
(657,''),
(658,''),
(659,''),
(660,''),
(661,''),
(662,''),
(663,''),
(664,''),
(665,''),
(666,''),
(667,''),
(668,''),
(669,''),
(670,''),
(671,''),
(672,''),
(673,''),
(674,''),
(675,''),
(676,''),
(677,''),
(678,''),
(679,''),
(680,''),
(681,''),
(682,''),
(683,''),
(684,''),
(685,''),
(686,''),
(687,''),
(688,''),
(689,''),
(690,''),
(691,''),
(692,''),
(693,''),
(694,''),
(695,''),
(696,''),
(697,''),
(698,''),
(699,''),
(700,''),
(701,''),
(702,''),
(703,''),
(704,''),
(705,''),
(706,''),
(707,''),
(708,''),
(709,''),
(710,''),
(711,''),
(712,''),
(713,''),
(714,''),
(715,''),
(716,''),
(717,''),
(718,''),
(719,''),
(720,''),
(721,''),
(722,''),
(723,''),
(724,''),
(725,''),
(726,''),
(727,''),
(728,''),
(729,''),
(730,''),
(731,''),
(732,''),
(733,''),
(734,''),
(735,''),
(736,''),
(737,''),
(738,''),
(739,''),
(740,''),
(741,''),
(742,''),
(743,''),
(744,''),
(745,''),
(746,''),
(747,''),
(748,''),
(749,''),
(750,''),
(751,''),
(752,''),
(753,''),
(754,''),
(755,''),
(756,''),
(757,''),
(758,''),
(759,''),
(760,''),
(761,''),
(762,''),
(763,''),
(764,''),
(765,''),
(766,''),
(767,''),
(768,''),
(769,''),
(770,''),
(771,''),
(772,''),
(773,''),
(774,''),
(775,''),
(776,''),
(777,''),
(778,''),
(779,''),
(780,''),
(781,''),
(782,''),
(783,''),
(784,''),
(785,''),
(786,''),
(787,''),
(788,''),
(789,''),
(790,''),
(791,''),
(792,''),
(793,''),
(794,''),
(795,''),
(796,''),
(797,''),
(798,''),
(799,''),
(800,''),
(801,''),
(802,''),
(803,''),
(804,''),
(805,''),
(806,''),
(807,''),
(808,''),
(809,''),
(810,''),
(811,''),
(812,''),
(813,''),
(814,''),
(815,''),
(816,''),
(817,''),
(818,''),
(819,''),
(820,''),
(821,''),
(822,''),
(823,''),
(824,''),
(825,''),
(826,''),
(827,''),
(828,''),
(829,''),
(830,''),
(831,''),
(832,''),
(833,''),
(834,''),
(835,''),
(836,''),
(837,''),
(838,''),
(839,''),
(840,''),
(841,''),
(842,''),
(843,''),
(844,''),
(845,''),
(846,''),
(847,''),
(848,''),
(849,''),
(850,''),
(851,''),
(852,''),
(853,''),
(854,''),
(855,''),
(856,''),
(857,''),
(858,''),
(859,''),
(860,''),
(861,''),
(862,''),
(863,''),
(864,''),
(865,''),
(866,''),
(867,''),
(868,''),
(869,''),
(870,''),
(871,''),
(872,''),
(873,''),
(874,''),
(875,''),
(876,''),
(877,''),
(878,''),
(879,''),
(880,''),
(881,''),
(882,''),
(883,''),
(884,''),
(885,''),
(886,''),
(887,''),
(888,''),
(889,''),
(890,''),
(891,''),
(892,''),
(893,''),
(894,''),
(895,''),
(896,''),
(897,''),
(898,''),
(899,''),
(900,''),
(901,''),
(902,''),
(903,''),
(904,''),
(905,''),
(906,''),
(907,''),
(908,''),
(909,''),
(910,''),
(911,''),
(912,''),
(913,''),
(914,''),
(915,''),
(916,''),
(917,''),
(918,''),
(919,''),
(920,''),
(921,''),
(922,''),
(923,''),
(924,''),
(925,''),
(926,''),
(927,''),
(928,''),
(929,''),
(930,''),
(931,''),
(932,''),
(933,''),
(934,''),
(935,''),
(936,''),
(937,''),
(938,''),
(939,''),
(940,''),
(941,''),
(942,''),
(943,''),
(944,''),
(945,''),
(946,''),
(947,''),
(948,''),
(949,''),
(950,''),
(951,''),
(952,''),
(953,''),
(954,''),
(955,''),
(956,''),
(957,''),
(958,''),
(959,''),
(960,''),
(961,''),
(962,''),
(963,''),
(964,''),
(965,''),
(966,''),
(967,''),
(968,''),
(969,''),
(970,''),
(971,''),
(972,''),
(973,''),
(974,''),
(975,''),
(976,''),
(977,''),
(978,''),
(979,''),
(980,''),
(981,''),
(982,''),
(983,''),
(984,''),
(985,''),
(986,''),
(987,''),
(988,''),
(989,''),
(990,''),
(991,''),
(992,''),
(993,''),
(994,''),
(995,''),
(996,''),
(997,''),
(998,''),
(999,''),
(1000,''),
(1001,''),
(1002,''),
(1003,''),
(1004,''),
(1005,''),
(1006,''),
(1007,''),
(1008,''),
(1009,''),
(1010,''),
(1011,''),
(1012,''),
(1013,''),
(1014,''),
(1015,''),
(1016,''),
(1017,''),
(1018,''),
(1019,''),
(1020,''),
(1021,''),
(1022,''),
(1023,''),
(1024,''),
(1025,''),
(1026,''),
(1027,''),
(1028,''),
(1029,''),
(1030,''),
(1031,''),
(1032,''),
(1033,''),
(1034,''),
(1035,''),
(1036,''),
(1037,''),
(1038,''),
(1039,''),
(1040,''),
(1041,''),
(1042,''),
(1043,''),
(1044,''),
(1045,''),
(1046,''),
(1047,''),
(1048,''),
(1049,''),
(1050,''),
(1051,''),
(1052,''),
(1053,''),
(1054,''),
(1055,''),
(1056,''),
(1057,''),
(1058,''),
(1059,''),
(1060,''),
(1061,''),
(1062,''),
(1063,''),
(1064,''),
(1065,''),
(1066,''),
(1067,''),
(1068,''),
(1069,''),
(1070,''),
(1071,''),
(1072,''),
(1073,''),
(1074,''),
(1075,''),
(1076,''),
(1077,''),
(1078,''),
(1079,''),
(1080,''),
(1081,''),
(1082,''),
(1083,''),
(1084,''),
(1085,''),
(1086,''),
(1087,''),
(1088,''),
(1089,''),
(1090,''),
(1091,''),
(1092,''),
(1093,''),
(1094,''),
(1095,''),
(1096,''),
(1097,''),
(1098,''),
(1099,''),
(1100,''),
(1101,''),
(1102,''),
(1103,''),
(1104,''),
(1105,''),
(1106,''),
(1107,''),
(1108,''),
(1109,''),
(1110,''),
(1111,''),
(1112,''),
(1113,''),
(1114,''),
(1115,''),
(1116,''),
(1117,''),
(1118,''),
(1119,''),
(1120,''),
(1121,''),
(1122,''),
(1123,''),
(1124,''),
(1125,''),
(1126,''),
(1127,''),
(1128,''),
(1129,''),
(1130,''),
(1131,''),
(1132,''),
(1133,''),
(1134,''),
(1135,''),
(1136,''),
(1137,''),
(1138,''),
(1139,''),
(1140,''),
(1141,''),
(1142,''),
(1143,''),
(1144,''),
(1145,''),
(1146,''),
(1147,''),
(1148,''),
(1149,''),
(1150,''),
(1151,''),
(1152,''),
(1153,''),
(1154,''),
(1155,''),
(1156,''),
(1157,''),
(1158,''),
(1159,''),
(1160,''),
(1161,''),
(1162,''),
(1163,''),
(1164,''),
(1165,''),
(1166,''),
(1167,''),
(1168,''),
(1169,''),
(1170,''),
(1171,''),
(1172,''),
(1173,''),
(1174,''),
(1175,''),
(1176,''),
(1177,''),
(1178,''),
(1179,''),
(1180,''),
(1181,''),
(1182,''),
(1183,''),
(1184,''),
(1185,''),
(1186,''),
(1187,''),
(1188,''),
(1189,''),
(1190,''),
(1191,''),
(1192,''),
(1193,''),
(1194,''),
(1195,''),
(1196,''),
(1197,''),
(1198,''),
(1199,''),
(1200,''),
(1201,''),
(1202,''),
(1203,''),
(1204,''),
(1205,''),
(1206,''),
(1207,''),
(1208,''),
(1209,''),
(1210,''),
(1211,''),
(1212,''),
(1213,''),
(1214,''),
(1215,''),
(1216,''),
(1217,''),
(1218,''),
(1219,''),
(1220,''),
(1221,''),
(1222,''),
(1223,''),
(1224,''),
(1225,''),
(1226,''),
(1227,''),
(1228,''),
(1229,''),
(1230,''),
(1231,''),
(1232,''),
(1233,''),
(1234,''),
(1235,''),
(1236,''),
(1237,''),
(1238,''),
(1239,''),
(1240,''),
(1241,''),
(1242,''),
(1243,''),
(1244,''),
(1245,''),
(1246,''),
(1247,''),
(1248,''),
(1249,''),
(1250,''),
(1251,''),
(1252,''),
(1253,''),
(1254,''),
(1255,''),
(1256,''),
(1257,''),
(1258,''),
(1259,''),
(1260,''),
(1261,''),
(1262,''),
(1263,''),
(1264,''),
(1265,''),
(1266,''),
(1267,''),
(1268,''),
(1269,''),
(1270,''),
(1271,''),
(1272,''),
(1273,''),
(1274,''),
(1275,''),
(1276,''),
(1277,''),
(1278,''),
(1279,''),
(1280,''),
(1281,''),
(1282,''),
(1283,''),
(1284,''),
(1285,''),
(1286,''),
(1287,''),
(1288,''),
(1289,''),
(1290,''),
(1291,''),
(1292,''),
(1293,''),
(1294,''),
(1295,''),
(1296,''),
(1297,''),
(1298,''),
(1299,''),
(1300,''),
(1301,''),
(1302,''),
(1303,''),
(1304,''),
(1305,''),
(1306,''),
(1307,''),
(1308,''),
(1309,''),
(1310,''),
(1311,''),
(1312,''),
(1313,''),
(1314,''),
(1315,''),
(1316,''),
(1317,''),
(1318,''),
(1319,''),
(1320,''),
(1321,''),
(1322,''),
(1323,''),
(1324,''),
(1325,''),
(1326,''),
(1327,''),
(1328,''),
(1329,''),
(1330,''),
(1331,''),
(1332,''),
(1333,''),
(1334,''),
(1335,''),
(1336,''),
(1337,''),
(1338,''),
(1339,''),
(1340,''),
(1341,''),
(1342,''),
(1343,''),
(1344,''),
(1345,''),
(1346,''),
(1347,''),
(1348,''),
(1349,''),
(1350,''),
(1351,''),
(1352,''),
(1353,''),
(1354,''),
(1355,''),
(1356,''),
(1357,''),
(1358,''),
(1359,''),
(1360,''),
(1361,''),
(1362,''),
(1363,''),
(1364,''),
(1365,''),
(1366,''),
(1367,''),
(1368,''),
(1369,''),
(1370,''),
(1371,''),
(1372,''),
(1373,''),
(1374,''),
(1375,''),
(1376,''),
(1377,''),
(1378,''),
(1379,''),
(1380,''),
(1381,''),
(1382,''),
(1383,''),
(1384,''),
(1385,''),
(1386,''),
(1387,''),
(1388,''),
(1389,''),
(1390,''),
(1391,''),
(1392,''),
(1393,''),
(1394,''),
(1395,''),
(1396,''),
(1397,''),
(1398,''),
(1399,''),
(1400,''),
(1401,''),
(1402,''),
(1403,''),
(1404,''),
(1405,''),
(1406,''),
(1407,''),
(1408,''),
(1409,''),
(1410,''),
(1411,''),
(1412,''),
(1413,''),
(1414,''),
(1415,''),
(1416,''),
(1417,''),
(1418,''),
(1419,''),
(1420,''),
(1421,''),
(1422,''),
(1423,''),
(1424,''),
(1425,''),
(1426,''),
(1427,''),
(1428,''),
(1429,''),
(1430,''),
(1431,''),
(1432,''),
(1433,''),
(1434,''),
(1435,''),
(1436,''),
(1437,''),
(1438,''),
(1439,''),
(1440,''),
(1441,''),
(1442,''),
(1443,''),
(1444,''),
(1445,''),
(1446,''),
(1447,''),
(1448,''),
(1449,''),
(1450,''),
(1451,''),
(1452,''),
(1453,''),
(1454,''),
(1455,''),
(1456,''),
(1457,''),
(1458,''),
(1459,''),
(1460,''),
(1461,''),
(1462,''),
(1463,''),
(1464,''),
(1465,''),
(1466,''),
(1467,''),
(1468,''),
(1469,''),
(1470,''),
(1471,''),
(1472,''),
(1473,''),
(1474,''),
(1475,''),
(1476,''),
(1477,''),
(1478,''),
(1479,''),
(1480,''),
(1481,''),
(1482,''),
(1483,''),
(1484,''),
(1485,''),
(1486,''),
(1487,''),
(1488,''),
(1489,''),
(1490,''),
(1491,''),
(1492,''),
(1493,''),
(1494,''),
(1495,''),
(1496,''),
(1497,''),
(1498,''),
(1499,''),
(1500,''),
(1501,''),
(1502,''),
(1503,''),
(1504,''),
(1505,''),
(1506,''),
(1507,''),
(1508,''),
(1509,''),
(1510,''),
(1511,''),
(1512,''),
(1513,''),
(1514,''),
(1515,''),
(1516,''),
(1517,''),
(1518,''),
(1519,''),
(1520,''),
(1521,''),
(1522,''),
(1523,''),
(1524,''),
(1525,''),
(1526,''),
(1527,''),
(1528,''),
(1529,''),
(1530,''),
(1531,''),
(1532,''),
(1533,''),
(1534,''),
(1535,''),
(1536,''),
(1537,''),
(1538,''),
(1539,''),
(1540,''),
(1541,''),
(1542,''),
(1543,''),
(1544,''),
(1545,''),
(1546,''),
(1547,''),
(1548,''),
(1549,''),
(1550,''),
(1551,''),
(1552,''),
(1553,''),
(1554,''),
(1555,''),
(1556,''),
(1557,''),
(1558,''),
(1559,''),
(1560,''),
(1561,''),
(1562,''),
(1563,''),
(1564,''),
(1565,''),
(1566,''),
(1567,''),
(1568,''),
(1569,''),
(1570,''),
(1571,''),
(1572,''),
(1573,''),
(1574,''),
(1575,''),
(1576,''),
(1577,''),
(1578,''),
(1579,''),
(1580,''),
(1581,''),
(1582,''),
(1583,''),
(1584,''),
(1585,''),
(1586,''),
(1587,''),
(1588,''),
(1589,''),
(1590,''),
(1591,''),
(1592,''),
(1593,''),
(1594,''),
(1595,''),
(1596,''),
(1597,''),
(1598,''),
(1599,''),
(1600,''),
(1601,''),
(1602,''),
(1603,''),
(1604,''),
(1605,''),
(1606,''),
(1607,''),
(1608,''),
(1609,''),
(1610,''),
(1611,''),
(1612,''),
(1613,''),
(1614,''),
(1615,''),
(1616,''),
(1617,''),
(1618,''),
(1619,''),
(1620,''),
(1621,''),
(1622,''),
(1623,''),
(1624,''),
(1625,''),
(1626,''),
(1627,''),
(1628,''),
(1629,''),
(1630,''),
(1631,''),
(1632,''),
(1633,''),
(1634,''),
(1635,''),
(1636,''),
(1637,''),
(1638,''),
(1639,''),
(1640,''),
(1641,''),
(1642,''),
(1643,''),
(1644,''),
(1645,''),
(1646,''),
(1647,''),
(1648,''),
(1649,''),
(1650,''),
(1651,''),
(1652,''),
(1653,''),
(1654,''),
(1655,''),
(1656,''),
(1657,''),
(1658,''),
(1659,''),
(1660,''),
(1661,''),
(1662,''),
(1663,''),
(1664,''),
(1665,''),
(1666,''),
(1667,''),
(1668,''),
(1669,''),
(1670,''),
(1671,''),
(1672,''),
(1673,''),
(1674,''),
(1675,''),
(1676,''),
(1677,''),
(1678,''),
(1679,''),
(1680,''),
(1681,''),
(1682,''),
(1683,''),
(1684,''),
(1685,''),
(1686,''),
(1687,''),
(1688,''),
(1689,''),
(1690,''),
(1691,''),
(1692,''),
(1693,''),
(1694,''),
(1695,''),
(1696,''),
(1697,''),
(1698,''),
(1699,''),
(1700,''),
(1701,''),
(1702,''),
(1703,''),
(1704,''),
(1705,''),
(1706,''),
(1707,''),
(1708,''),
(1709,''),
(1710,''),
(1711,''),
(1712,''),
(1713,''),
(1714,''),
(1715,''),
(1716,''),
(1717,''),
(1718,''),
(1719,''),
(1720,''),
(1721,''),
(1722,''),
(1723,''),
(1724,''),
(1725,''),
(1726,''),
(1727,''),
(1728,''),
(1729,''),
(1730,''),
(1731,''),
(1732,''),
(1733,''),
(1734,''),
(1735,''),
(1736,''),
(1737,''),
(1738,''),
(1739,''),
(1740,''),
(1741,''),
(1742,''),
(1743,''),
(1744,''),
(1745,''),
(1746,''),
(1747,''),
(1748,''),
(1749,''),
(1750,''),
(1751,''),
(1752,''),
(1753,''),
(1754,''),
(1755,''),
(1756,''),
(1757,''),
(1758,''),
(1759,''),
(1760,''),
(1761,''),
(1762,''),
(1763,''),
(1764,''),
(1765,''),
(1766,''),
(1767,''),
(1768,''),
(1769,''),
(1770,''),
(1771,''),
(1772,''),
(1773,''),
(1774,''),
(1775,''),
(1776,''),
(1777,''),
(1778,''),
(1779,''),
(1780,''),
(1781,''),
(1782,''),
(1783,''),
(1784,''),
(1785,''),
(1786,''),
(1787,''),
(1788,''),
(1789,''),
(1790,''),
(1791,''),
(1792,''),
(1793,''),
(1794,''),
(1795,''),
(1796,''),
(1797,''),
(1798,''),
(1799,''),
(1800,''),
(1801,''),
(1802,''),
(1803,''),
(1804,''),
(1805,''),
(1806,''),
(1807,''),
(1808,''),
(1809,''),
(1810,''),
(1811,''),
(1812,''),
(1813,''),
(1814,''),
(1815,''),
(1816,''),
(1817,''),
(1818,''),
(1819,''),
(1820,''),
(1821,''),
(1822,''),
(1823,''),
(1824,''),
(1825,''),
(1826,''),
(1827,''),
(1828,''),
(1829,''),
(1830,''),
(1831,''),
(1832,''),
(1833,''),
(1834,''),
(1835,''),
(1836,''),
(1837,''),
(1838,''),
(1839,''),
(1840,''),
(1841,''),
(1842,''),
(1843,''),
(1844,''),
(1845,''),
(1846,''),
(1847,''),
(1848,''),
(1849,''),
(1850,''),
(1851,''),
(1852,''),
(1853,''),
(1854,''),
(1855,''),
(1856,''),
(1857,''),
(1858,''),
(1859,''),
(1860,''),
(1861,''),
(1862,''),
(1863,''),
(1864,''),
(1865,''),
(1866,''),
(1867,''),
(1868,''),
(1869,''),
(1870,''),
(1871,''),
(1872,''),
(1873,''),
(1874,''),
(1875,''),
(1876,''),
(1877,''),
(1878,''),
(1879,''),
(1880,''),
(1881,''),
(1882,''),
(1883,''),
(1884,''),
(1885,''),
(1886,''),
(1887,''),
(1888,''),
(1889,''),
(1890,''),
(1891,''),
(1892,''),
(1893,''),
(1894,''),
(1895,''),
(1896,''),
(1897,''),
(1898,''),
(1899,''),
(1900,''),
(1901,''),
(1902,''),
(1903,''),
(1904,''),
(1905,''),
(1906,''),
(1907,''),
(1908,''),
(1909,''),
(1910,''),
(1911,''),
(1912,''),
(1913,''),
(1914,''),
(1915,''),
(1916,''),
(1917,''),
(1918,''),
(1919,''),
(1920,''),
(1921,''),
(1922,''),
(1923,''),
(1924,''),
(1925,''),
(1926,''),
(1927,''),
(1928,''),
(1929,''),
(1930,''),
(1931,''),
(1932,''),
(1933,''),
(1934,''),
(1935,''),
(1936,''),
(1937,''),
(1938,''),
(1939,''),
(1940,''),
(1941,''),
(1942,''),
(1943,''),
(1944,''),
(1945,''),
(1946,''),
(1947,''),
(1948,''),
(1949,''),
(1950,''),
(1951,''),
(1952,''),
(1953,''),
(1954,''),
(1955,''),
(1956,''),
(1957,''),
(1958,''),
(1959,''),
(1960,''),
(1961,''),
(1962,''),
(1963,''),
(1964,''),
(1965,''),
(1966,''),
(1967,''),
(1968,''),
(1969,''),
(1970,''),
(1971,''),
(1972,''),
(1973,''),
(1974,''),
(1975,''),
(1976,''),
(1977,''),
(1978,''),
(1979,''),
(1980,''),
(1981,''),
(1982,''),
(1983,''),
(1984,''),
(1985,''),
(1986,''),
(1987,''),
(1988,''),
(1989,''),
(1990,''),
(1991,''),
(1992,''),
(1993,''),
(1994,''),
(1995,''),
(1996,''),
(1997,''),
(1998,''),
(1999,''),
(2000,''),
(2001,''),
(2002,'');

/*Data for the table `sys_job` */

insert  into `sys_job`(`job_id`,`bean_name`,`method_name`,`params`,`cron_expression`,`del_flag`,`status`,`remark`,`create_time`,`job_group`,`create_by`,`update_by`,`update_time`,`job_name`) values 
(1239107312446103553,'jobTaskTest','fastParams','123','0 */5 6-23 * * ?','0','0','fastParams有参数','2020-03-15 16:32:59','DEFAULT','admin','',NULL,'测试任务'),
(1239107405597401090,'fastParams','fastNoParms','','0 */5 6-23 * * ?','0','0','测试任务无参','2020-03-15 16:33:22','DEFAULT','admin','',NULL,'测试任务无参');

/*Data for the table `sys_job_log` */

/*Data for the table `sys_log` */

/*Data for the table `sys_login_infor` */

insert  into `sys_login_infor`(`id`,`username`,`ipaddr`,`login_location`,`browser`,`os`,`mobile`,`status`,`msg`,`login_time`,`comp_id`) values 
(1236599645930754050,'admin','192.168.0.100','内网IP','Chrome','Windows 10 or Windows Server 2016','1','00000','登陆成功!','2020-03-08 02:28:25',1),
(1239892793123471361,'admin','223.166.104.22','XX XX','Chrome','Windows 10 or Windows Server 2016','1','00000','登陆成功!','2020-03-17 20:34:13',1);

/*Data for the table `sys_menu` */

insert  into `sys_menu`(`menu_id`,`parent_id`,`name`,`url`,`module_codes`,`target`,`perms`,`type`,`icon`,`order_num`,`hide`,`create_by`,`create_time`,`update_by`,`update_time`,`remark`) values 
(1,0,'系统设置',NULL,'core,bcs','','',0,'fa fa-desktop',0,0,'',NULL,'admin','2020-01-30 21:53:30',''),
(2,1,'用户管理','sys/user','core','','sys:user:view',1,'fa fa-user',2,0,'',NULL,'admin','2019-12-11 22:07:21',''),
(3,1,'角色管理','sys/role','core','','sys:role:view',1,'fa fa-user-secret',3,0,'',NULL,'admin','2019-12-11 22:08:30',''),
(15,2,'查看',NULL,'core','','sys:user:list,sys:user:info',2,NULL,0,0,'',NULL,'',NULL,''),
(16,2,'新增',NULL,'core','','sys:user:add,sys:dept:select',2,NULL,0,0,'',NULL,'admin','2020-02-01 21:18:34',''),
(17,2,'修改',NULL,'core','','sys:user:edit',2,NULL,0,0,'',NULL,'',NULL,''),
(18,2,'删除',NULL,'core','','sys:user:del',2,NULL,0,0,'',NULL,'',NULL,''),
(19,3,'查看',NULL,'core','','sys:role:list,sys:role:info',2,NULL,0,0,'',NULL,'',NULL,''),
(20,3,'新增','#','core','','sys:role:add',2,NULL,0,0,'',NULL,'admin','2019-12-05 02:02:27',''),
(21,3,'修改','#','core','','sys:role:edit',2,NULL,0,0,'',NULL,'admin','2019-12-05 02:02:45',''),
(22,3,'删除','#','core','','sys:role:del',2,NULL,0,0,'',NULL,'admin','2019-12-05 02:03:07',''),
(41,1,'公司管理','sys/comp','core','','sys:comp:view',1,'fa fa-bars',0,0,'',NULL,'admin','2019-12-02 02:12:51',''),
(42,41,'新增','#','core','','sys:comp:add',2,NULL,1,0,'',NULL,'admin','2019-12-03 08:25:44',''),
(43,41,'查看',NULL,'core','','sys:comp:list',2,NULL,0,0,'',NULL,'',NULL,''),
(44,41,'修改','#','core','','sys:comp:edit',2,NULL,0,0,'',NULL,'admin','2019-12-03 08:24:53',''),
(45,41,'删除','#','core','','sys:comp:del',2,NULL,0,0,'',NULL,'admin','2019-12-03 08:25:05',''),
(46,0,'设备管理',NULL,'bcs','','',0,'fa fa-cogs',4,0,'',NULL,'admin','2020-01-18 06:33:56',''),
(47,46,'终端管理','bcs/mach','bcs','_tab','bcs:mach:view',1,'fa fa-bus',0,0,'',NULL,'admin','2020-02-04 21:12:35',''),
(48,47,'新增',NULL,'bcs','','bcs:mach:add',2,NULL,0,0,'',NULL,'admin','2020-02-04 21:37:54',''),
(49,47,'修改',NULL,'bcs','','bcs:mach:edit',2,NULL,0,0,'',NULL,'admin','2020-02-04 21:38:30',''),
(50,47,'查看',NULL,'bcs','','tbc:mach:list',2,NULL,0,0,'',NULL,'admin','2020-01-20 06:56:37',''),
(59,0,'交易管理',NULL,'bcs','','',0,'fa fa-bar-chart',5,0,'',NULL,'admin','2020-01-26 15:04:44',''),
(60,59,'所有交易','tbc/trad','bcs','_tab','tbc:trad:view',1,'fa fa-bar-chart',1,0,'',NULL,'admin','2020-01-26 15:05:02',''),
(61,59,'实时交易','tbc/redltime','bcs','_tab','tbc:reltime:view',1,'fa fa-building',0,0,'',NULL,'admin','2020-01-26 15:04:54',''),
(62,59,'历史交易','tbc/odltrad','bcs','_tab','tbc:oldtrad:view',1,'fa fa-area-chart',2,0,'',NULL,'admin','2020-01-26 15:05:09',''),
(63,62,'查询','#','bcs','','tbc:oldtrad:list',2,NULL,0,0,'',NULL,'admin','2020-01-26 15:06:00',''),
(64,62,'查询明细','#','bcs','','tbc:oldtrad:detail',2,NULL,0,0,'',NULL,'admin','2020-01-26 15:06:17',''),
(65,61,'查询','#','bcs','','tbc:redltime:list',2,NULL,0,0,'',NULL,'admin','2020-01-26 15:05:28',''),
(66,61,'明细查看','#','bcs','','tbc:reltime:detail,tbc:redltime:list',2,NULL,0,0,'',NULL,'admin','2020-01-26 15:05:37',''),
(67,60,'查询',NULL,'bcs','','tbc:trad:list',2,NULL,0,0,'',NULL,'admin','2020-01-26 15:05:49',''),
(68,0,'监控管理',NULL,'core,bcs','','',0,'fa fa-eye',3,0,'',NULL,'admin','2020-01-26 15:07:39',''),
(69,68,'SQL监控','druid/sql.html','core','','',1,'fa fa-bug',2,0,'',NULL,'',NULL,''),
(70,0,'系统工具',NULL,'core,bcs','','',0,'fa fa-windows',1,0,'',NULL,'admin','2020-01-20 06:58:58',''),
(72,70,'定时任务','sys/schedule','core','_tab','sys:job:view',1,'fa fa-tasks',8,0,'',NULL,'admin','2020-02-08 17:26:42',''),
(73,70,'参数管理','sys/config','core','','sys:config:view',1,'fa fa-sun-o',6,0,'',NULL,'admin','2019-12-05 18:44:58',''),
(76,70,'文件上传','modules/oss/tss.html','core','_tab','sys:tss:list',1,'fa fa-cloud-upload',5,1,'',NULL,'admin','2020-02-13 09:08:06',''),
(77,70,'字典管理','sys/dict','core','','sys:dict:view',1,'fa fa-bookmark-o',7,0,'',NULL,'',NULL,''),
(78,72,'查看','#','core','','sys:job:list',2,NULL,0,0,'',NULL,'admin','2020-02-08 17:26:54',''),
(79,72,'新增','#','core','','sys:job:add',2,NULL,0,0,'',NULL,'admin','2020-02-08 17:27:09',''),
(80,72,'修改','#','core','','sys:job:edit',2,NULL,0,0,'',NULL,'admin','2020-02-08 17:27:33',''),
(81,72,'删除','#','core','','sys:job:del',2,NULL,0,0,'',NULL,'admin','2020-02-08 17:27:43',''),
(82,72,'状态','#','core','','sys:job:changeStatus',2,NULL,0,0,'',NULL,'admin','2020-02-08 17:29:55',''),
(83,72,'恢复',NULL,'core','','sys:job:resume',2,NULL,0,0,'',NULL,'admin','2020-02-08 17:30:08',''),
(84,72,'执行',NULL,'core','','sys:job:run',2,NULL,0,0,'',NULL,'admin','2020-02-08 17:30:26',''),
(85,72,'日志','#','core','','sys:job:loglist',2,NULL,0,0,'',NULL,'admin','2020-02-08 20:34:02',''),
(86,77,'查看',NULL,'core','','sys:dict:list,sys:dict:info',2,NULL,0,0,'',NULL,'',NULL,''),
(87,77,'新增',NULL,'core','','sys:dict:add',2,NULL,0,0,'',NULL,'',NULL,''),
(88,77,'修改',NULL,'core','','sys:dict:edit',2,NULL,0,0,'',NULL,'',NULL,''),
(89,77,'删除',NULL,'core','','sys:dict:del',2,NULL,0,0,'',NULL,'',NULL,''),
(94,70,'菜单管理','sys/menu','core','','sys:menu:view',1,'fa fa-th-list',1,0,'',NULL,'admin','2019-12-04 05:24:44',''),
(96,94,'新增',NULL,'core','','sys:menu:add',2,NULL,0,0,'',NULL,'',NULL,''),
(97,94,'修改',NULL,'core','','sys:menu:edit',2,NULL,0,0,'',NULL,'',NULL,''),
(98,94,'删除','#','core','','sys:menu:del',2,NULL,0,0,'',NULL,'admin','2019-12-03 06:21:51',''),
(99,68,'用户监控','sys/online','core','','sys:online:view',1,'fa fa-user-circle',1,0,'',NULL,'admin','2019-12-05 02:41:18',''),
(101,99,'强退','#','core','','sys:online:forceLogout',2,NULL,0,0,'',NULL,'admin','2019-12-05 02:42:00',''),
(102,0,'库房管理','#','bcs','','',0,'fa fa-university',6,0,'',NULL,'admin','2020-01-26 15:01:02',''),
(103,68,'设备监控','modules/tbc/monitor.html','bcs','_tab','',1,'fa fa-heartbeat',0,0,'',NULL,'admin','2020-01-26 15:07:52',''),
(104,46,'故障处理','modules/tbc/breakdown.html','bcs','_tab','tbc:breakdown:list',1,'fa fa-wrench',2,0,'',NULL,'admin','2020-01-18 06:34:38',''),
(106,102,'入库情况','tbc/put','bcs','_tab','tbc:put:view',1,'fa fa-truck',1,0,'',NULL,'admin','2020-01-26 15:01:46',''),
(107,102,'处理情况','modules/warehouse/dispose.html','bcs','_tab','',1,'fa fa-pencil',2,0,'',NULL,'admin','2020-01-26 15:01:54',''),
(108,0,'报表管理',NULL,'core','','',0,'fa fa-file-excel-o',7,1,'',NULL,'admin','2020-02-13 09:12:41',''),
(109,108,'报表','sys/poi','core','','sys:poi:view',1,'fa fa-file',0,0,'',NULL,'admin','2019-12-20 17:56:48',''),
(110,108,'月报表','#','core','','',1,'fa fa-file',1,1,'',NULL,'',NULL,''),
(111,108,'年报表','#','core','','',1,'fa fa-file',2,1,'',NULL,'',NULL,''),
(112,108,'故障报表','#','core','','',1,'fa fa-file',3,1,'',NULL,'',NULL,''),
(113,108,'库房处理报表','#','core','','',1,'fa fa-file',4,1,'',NULL,'',NULL,''),
(114,0,'数据分析',NULL,'core','','',0,'fa fa-database',8,1,'',NULL,'',NULL,''),
(115,114,'司机上班情况','#','core','','',1,'fa fa-calendar',0,0,'',NULL,'',NULL,''),
(116,114,'公交车流量统计','#','core','','',1,'fa fa-line-chart',1,0,'',NULL,'',NULL,''),
(118,70,'设备升级','modules/update/update.html','core','_tab','',1,'fa fa-rocket',4,1,'',NULL,'admin','2020-02-13 09:08:23',''),
(119,70,'设备日志','tbc/log','bcs','_tab','tbc:log:view',1,'fa fa-file-text',3,0,'',NULL,'admin','2020-01-29 23:19:00',''),
(120,104,'故障修复',NULL,'bcs','','tbc:breakdown:save',2,NULL,0,0,'',NULL,'admin','2020-01-18 06:35:09',''),
(121,106,'查看','#','bcs','','tbc:put:list',2,NULL,0,0,'',NULL,'admin','2020-01-26 15:03:02',''),
(122,106,'入库处理权限','#','bcs','','tbc:put:dispose',2,NULL,0,0,'',NULL,'admin','2020-01-26 15:03:13',''),
(123,107,'查询权限',NULL,'bcs','','tbc:waredispose:list',2,NULL,0,0,'',NULL,'admin','2020-01-26 15:03:32',''),
(124,107,'查询用户',NULL,'bcs','','tbc:warehouse:user',2,NULL,0,0,'',NULL,'admin','2020-01-26 15:03:47',''),
(125,76,'云参数配置',NULL,'core','','sys:tss:all',2,NULL,0,0,'',NULL,'',NULL,''),
(126,76,'文件上传按钮',NULL,'core','','sys:tss:upload',2,NULL,0,0,'',NULL,'',NULL,''),
(127,76,'文件删除',NULL,'core','','sys:tss:delete',2,NULL,0,0,'',NULL,'',NULL,''),
(128,118,'软件升级',NULL,'core','','sys:tbc:mach:update',2,NULL,0,0,'',NULL,'',NULL,''),
(129,68,'服务监控','sys/server','core','_tab','sys:server:view',1,'fa fa-server',3,0,'',NULL,'admin','2020-03-15 16:39:00',''),
(130,0,'日志管理','#','core,bcs','','',0,'fa fa-pencil-square-o',2,0,'','2020-01-12 22:13:35','admin','2020-01-18 06:49:56',''),
(131,130,'操作日志','sys/operlog','core,bcs','_tab','sys:log:view',1,'fa fa-file-image-o',0,0,'',NULL,'admin','2020-01-20 06:59:08',''),
(132,130,'登陆日志','sys/logininfo','core,bcs','_tab','sys:logininfo:view',1,'fa fa-address-book',0,0,'',NULL,'admin','2020-01-20 06:59:14',''),
(133,47,'设备查询管理人员',NULL,'bcs','','tbc:mach:mgaelist',2,NULL,0,0,'',NULL,'admin','2020-01-20 06:57:52',''),
(134,47,'删除权限',NULL,'bcs','','bcs:mach:del',2,NULL,0,0,'',NULL,'admin','2020-02-04 21:39:23',''),
(135,70,'支付设置','modules/pay/pay.html','core','_tab','sys:pay:info',1,'fa fa-paypal',8,1,'',NULL,'admin','2020-02-13 09:09:21',''),
(136,135,'微信参数修改权限',NULL,'core','','sys:pay:wecahtUpdate',2,NULL,0,0,'',NULL,'',NULL,''),
(137,135,'支付宝参数修改权限',NULL,'core','','sys:pay:alipayUpdate',2,NULL,0,0,'',NULL,'',NULL,''),
(138,102,'钞袋管理','tbc/bag','bcs','_tab','tbc:bag:view',1,'fa fa-shopping-bag',0,0,'',NULL,'admin','2020-01-26 15:01:37',''),
(139,138,'数据显示',NULL,'bcs','','tbc:bag:list',2,NULL,0,0,'',NULL,'admin','2020-01-26 15:02:08',''),
(140,1,'地区管理','sys/dept','core,bcs','_tab','sys:dept:view',1,'fa fa-outdent',1,0,'',NULL,'admin','2020-01-30 22:53:21',''),
(141,140,'新增','#','core,bcs','','sys:dept:add',2,NULL,0,0,'',NULL,'admin','2020-01-30 22:53:35',''),
(142,140,'查看','#','core,bcs','','sys:dept:list',2,NULL,0,0,'',NULL,'admin','2020-01-30 22:53:47',''),
(143,140,'修改','#','core,bcs','','sys:dept:edit',2,NULL,0,0,'',NULL,'admin','2020-01-30 22:53:54',''),
(144,140,'删除','#','core,bcs','','sys:dept:del',2,NULL,0,0,'',NULL,'admin','2020-01-30 22:54:02',''),
(145,109,'下载权限',NULL,'core','','sys:poi:download',2,NULL,0,0,'',NULL,'',NULL,''),
(146,62,'导出报表',NULL,'bcs','','tbc:poi:excel',2,NULL,0,0,'',NULL,'admin','2020-01-26 15:06:30',''),
(147,138,'新增','#','bcs','','tbc:bag:add',2,NULL,0,0,'',NULL,'admin','2020-01-26 15:02:33',''),
(148,138,'修改','#','bcs','','tbc:bag:edit',2,NULL,0,0,'',NULL,'admin','2020-01-26 15:02:42',''),
(149,138,'删除','#','bcs','','tbc:bag:del',2,NULL,0,0,'',NULL,'admin','2020-01-26 15:02:51',''),
(150,59,'交易统计','modules/tbc/graph.html','bcs','_tab','tbc:graph:list',1,'fa fa-file-excel-o',4,1,'',NULL,'admin','2020-01-26 15:05:18',''),
(151,47,'开箱',NULL,'bcs','','tbc:mach:lockopen',2,NULL,0,0,'',NULL,'admin','2020-01-20 06:58:26',''),
(152,46,'胆箱管理','bcs/box','bcs','_tab','bcs:box:view',1,'fa fa-archive',1,0,'',NULL,'admin','2020-02-06 16:14:05',''),
(153,152,'新增',NULL,'bcs','','bcs:box:add',2,NULL,0,0,'',NULL,'admin','2020-02-06 16:11:30',''),
(154,152,'修改',NULL,'bcs','','bcs:box:edit',2,NULL,0,0,'',NULL,'admin','2020-02-06 16:11:48',''),
(155,152,'获取心跳',NULL,'bcs','','tbc:box:info',2,NULL,0,0,'',NULL,'admin','2020-01-20 06:56:26',''),
(156,47,'开锁日志',NULL,'bcs','','tbc:mach:lockinfo',2,NULL,0,0,'',NULL,'admin','2020-01-20 06:58:36',''),
(158,1,'项目测试','gtv/dev','core','_tab','gtv:dev:view',1,'glyphicon glyphicon-copyright-mark',0,1,'',NULL,'admin','2020-02-13 09:07:34',''),
(159,158,'查看','#','core','','gtv:dev:list,gtv:dev:add,gtv:dev:edit,gtv:dev:del',2,NULL,0,0,'',NULL,'admin','2019-12-21 20:09:35',''),
(160,77,'字典查询','','core','','system:dict:list',2,'',0,0,'',NULL,'',NULL,''),
(161,94,'查看','','core','','sys:menu:list',2,'',0,0,'admin','2019-12-22 19:55:13','admin','2019-12-04 05:24:34',''),
(162,131,'查看','','core,bcs','','sys:log:list',2,'',0,0,'admin','2019-12-22 20:44:22','admin','2020-02-03 23:31:03',''),
(163,131,'详细信息','','core,bcs','','sys:log:detail',2,'',0,0,'admin','2019-12-22 21:12:06','admin','2020-02-03 23:31:11',''),
(164,132,'查看','','core,bcs','','sys:logininfo:list',2,'',0,0,'admin','2019-12-23 17:05:09','admin','2020-02-03 23:31:19',''),
(165,132,'删除','','core,bcs','','sys:logininfo:del',2,'',0,0,'admin','2019-12-23 17:06:29','admin','2020-02-03 23:31:26',''),
(166,132,'清空','','core,bcs','','sys:logininfo:clean',2,'',0,0,'admin','2019-12-23 17:06:56','admin','2020-02-03 23:31:33',''),
(167,99,'查看','','core','','sys:online:list',2,'',0,0,'admin','2019-12-23 18:17:46','',NULL,''),
(168,73,'查看','','core','','sys:config:list',2,'',0,0,'admin','2019-12-24 10:20:33','',NULL,''),
(169,73,'新增','','core','','sys:config:add',2,'',0,0,'admin','2019-12-24 10:30:19','',NULL,''),
(170,73,'修改','','core','','sys:config:edit',2,'',0,0,'admin','2019-12-24 10:30:48','admin','2019-12-05 20:08:35',''),
(171,73,'删除','','core','','sys:config:del',2,'',0,0,'admin','2019-12-24 10:32:50','',NULL,''),
(172,106,'详情查看','','bcs','','tbc:put:detail',2,'',0,0,'admin','2019-12-27 15:47:37','admin','2020-01-26 15:03:22',''),
(173,2,'密码重置','','core','','sys:user:resetPwd',2,'',0,0,'admin','2019-12-29 15:03:07','',NULL,''),
(174,0,'研发工具','','core','','',0,'fa fa-code',9,0,'admin','2020-01-19 21:28:55','admin','2019-12-18 23:28:58',''),
(175,174,'代码生成','tool/gen','core','_tab','tool:gen:view',1,'fa fa-terminal',0,0,'admin','2020-01-06 16:47:02','admin','2020-01-16 03:47:14',''),
(176,175,'查看','','core','','tool:gen:list',2,'',0,0,'admin','2020-01-06 16:47:25','',NULL,''),
(177,175,'代码生成','','core','','tool:gen:code',2,'',1,0,'admin','2020-01-07 13:35:58','',NULL,''),
(178,175,'预览','','core','','tool:gen:preview',2,'',2,0,'admin','2020-01-07 14:47:53','',NULL,''),
(179,175,'修改','','core','','tool:gen:edit',2,'',3,0,'admin','2020-01-07 16:21:19','',NULL,''),
(180,109,'查看','','core','','sys:poi:list',2,'',0,0,'admin','2020-01-08 11:11:15','',NULL,''),
(181,175,'删除','','core','','tool:gen:del',2,'',4,0,'admin','2020-01-09 09:21:09','',NULL,''),
(182,72,'详情','','core','','sys:job:detail',2,'',0,0,'admin','2020-01-19 12:09:40','admin','2020-02-08 20:34:46',''),
(183,72,'日志删除','','core','','sys:joblog:del',2,'',0,0,'admin','2020-01-19 16:38:23','',NULL,''),
(184,72,'日志清空','','core','','sys:joblog:clean',2,'',0,0,'admin','2020-01-19 16:38:57','',NULL,''),
(186,174,'图标样式','tool/icon','core','_alert','tool:icon:view',1,'fa fa-hashtag',1,0,'admin','2020-02-13 19:48:15','admin','2020-01-17 07:07:11',''),
(187,119,'查看','','bcs','','tbc:log:list',2,'',0,0,'admin','2020-02-10 17:25:16','admin','2020-01-29 23:19:13',''),
(188,119,'删除','','bcs','','tbc:log:del',2,'',1,0,'admin','2020-02-12 17:39:36','admin','2020-01-29 23:19:23',''),
(189,70,'模块管理','sys/module','core','_tab','sys:module:view',1,'fa fa-cogs',2,0,'admin','2020-02-14 14:20:35','admin','2020-01-30 21:39:09',''),
(190,189,'查看','','core','','sys:module:list',2,'',0,0,'admin','2020-02-14 14:21:13','admin','2020-01-30 21:39:54',''),
(191,189,'新增','','core','','sys:module:add',2,'',1,0,'admin','2020-02-14 14:21:48','admin','2020-01-30 21:40:10',''),
(192,189,'修改','','core','','sys:module:edit',2,'',2,0,'admin','2020-02-14 14:22:16','admin','2020-01-30 21:40:24',''),
(193,189,'删除','','core','','sys:module:del',2,'',3,0,'admin','2020-02-14 14:23:03','admin','2020-01-30 21:40:37',''),
(194,94,'授权','','core','','sys:role:authorization',2,'',5,0,'admin','2020-02-24 17:46:07','',NULL,''),
(195,3,'分配用户','','core','','sys:role:authUserList',2,'',5,0,'admin','2020-02-25 11:01:37','',NULL,''),
(196,2,'授权角色','','core','','sys:user:authRoleList',2,'',6,0,'admin','2020-02-26 10:00:58','',NULL,''),
(197,1,'岗位管理','sys/post','core,bcs','_tab','sys:post:view',1,'fa fa-address-card-o',5,0,'admin','2020-02-28 00:00:00','admin','2020-02-28 00:00:00','岗位信息菜单'),
(198,197,'查询','#','core,bcs','','sys:post:list',2,'',0,0,'admin','2020-02-28 00:00:00','admin','2020-02-28 00:00:00',''),
(199,197,'新增','#','core,bcs','','sys:post:add',2,'',1,0,'admin','2020-02-28 00:00:00','admin','2018-03-01 00:00:00',''),
(200,197,'修改','#','core,bcs','','sys:post:edit',2,'',2,0,'admin','2020-02-28 00:00:00','admin','2018-03-01 00:00:00',''),
(201,197,'删除','#','core,bcs','','sys:post:del',2,'',3,0,'admin','2020-02-28 00:00:00','admin','2020-01-30 21:55:13',''),
(202,1,'员工管理','bcs/user','bcs','_tab','bcs:user:view',1,'fa fa-user-o',5,0,'admin','2020-02-28 17:53:16','admin','2020-01-31 00:08:13',''),
(203,202,'查看','','bcs','','bcs:user:list,sys:dept:select',2,'',0,0,'admin','2020-02-28 18:04:00','admin','2020-02-02 15:02:31',''),
(204,202,'新增','','bcs','','bcs:user:add',2,'',1,0,'admin','2020-03-01 15:23:22','',NULL,''),
(205,202,'修改','','bcs','','bcs:user:edit',2,'',2,0,'admin','2020-03-01 15:23:52','',NULL,''),
(206,202,'删除','','bcs','','bcs:user:del',2,'',3,0,'admin','2020-03-01 15:24:21','',NULL,''),
(207,152,'删除','','bcs','','bcs:box:del',2,'',3,0,'admin','2020-03-06 10:32:42','',NULL,''),
(208,152,'查看','','bcs','','bcs:box:list',2,'',4,0,'admin','2020-03-06 10:35:04','',NULL,''),
(1239727704613388289,0,'111','1111111','core','_tab','111111',1,'fa fa-podcast',1111111,0,'admin','2020-03-17 09:38:12','',NULL,'');

/*Data for the table `sys_module` */

insert  into `sys_module`(`id`,`module_code`,`module_name`,`description`,`main_class_name`,`icon`,`current_version`,`upgrade_info`,`del_flag`,`status`,`create_by`,`create_time`,`update_by`,`update_time`,`remark`) values 
(1,'core','核心模块','用户、角色、组织、模块、菜单、字典、参数、系统相关功能','com.fast.framework.controller.SysPageController','fa  icon-settings','2.0.2',NULL,'0','0','admin','2020-02-14 17:31:35','admin','2020-02-14 17:31:35','初始版本'),
(2,'bcs','公交系统','公交项目系统功能 终端、交易、库房等功能','com.lixinos.bcs.common.config.InitializeConfig','fa fa-lastfm','2.0.2',NULL,'0','2','admin','2020-02-14 20:36:37','admin','2020-02-07 19:07:19','初始版本');


insert  into `sys_post`(`post_id`,`post_code`,`post_name`,`post_sort`,`post_type`,`status`,`create_by`,`create_time`,`update_by`,`update_time`,`remark`) values 
(1,'CEO','董事长',1,'1','0','admin','2018-03-16 11:33:00','admin','2020-02-13 09:10:01',''),
(2,'SE','项目经理',2,'1','0','admin','2018-03-16 11:33:00','admin','2020-02-13 09:10:07',''),
(3,'HR','人力资源',3,'1','0','admin','2018-03-16 11:33:00','admin','2020-02-13 09:10:13',''),
(4,'USER','普通员工',4,'1','0','admin','2018-03-16 11:33:00','admin','2020-02-13 09:10:20','');

/*Data for the table `sys_role` */

insert  into `sys_role`(`role_id`,`role_name`,`dept_id`,`create_time`,`role_key`,`role_sort`,`del_flag`,`create_by`,`update_by`,`update_time`,`remark`,`status`) values 
(1,'最大管理员',1,'2018-06-02 21:35:28','ADMIN',1,'0','','admin','2020-02-06 16:15:12','最高级别管理员','0'),
(2,'公司管理角色',3,'2018-11-17 21:02:35','COMP',2,'0','','admin','2019-12-31 09:28:06','公司权限管理','0'),
(3,'地区管理用户',NULL,'2018-12-05 17:27:37','DEPT',3,'0','','',NULL,'管理地区终端','0'),
(4,'终端管理角色',NULL,'2018-12-07 18:51:34','MACH',4,'0','','',NULL,'终端限角色','0'),
(6,'公交司机',NULL,'2018-12-26 15:29:13','SIJI',6,'0','','admin','2019-12-07 22:42:33','公交司机','0'),
(7,'库房管理',NULL,'2019-04-25 09:29:15','KUFANG',7,'0','','admin','2019-11-29 02:06:14','库房管理','0'),
(8,'测试角色',NULL,'2020-02-17 14:46:42','TEST',8,'0','admin','admin','2020-01-29 21:11:10','测试角色','1');

/*Data for the table `sys_role_dept` */

insert  into `sys_role_dept`(`id`,`role_id`,`dept_id`) values 
(230,2,3),
(231,2,4),
(232,2,5),
(233,1,2),
(234,1,3),
(235,1,4),
(236,1,5),
(237,1,7),
(238,1,8),
(239,1,9);

/*Data for the table `sys_role_menu` */

insert  into `sys_role_menu`(`id`,`role_id`,`menu_id`) values 
(2078,4,46),
(2079,4,47),
(2080,4,48),
(2081,4,49),
(2082,4,50),
(2083,4,133),
(2084,4,134),
(2085,4,104),
(2086,4,120),
(2087,4,59),
(2088,4,60),
(2089,4,67),
(2090,4,61),
(2091,4,65),
(2092,4,66),
(2093,4,62),
(2094,4,63),
(2095,4,64),
(2096,4,68),
(2097,4,103),
(2098,4,102),
(2099,4,106),
(2100,4,121),
(2101,4,122),
(2102,4,108),
(2103,4,109),
(2104,4,110),
(2105,4,111),
(2106,4,130),
(2107,4,131),
(2108,3,1),
(2109,3,2),
(2110,3,15),
(2111,3,16),
(2112,3,17),
(2113,3,18),
(2114,3,3),
(2115,3,19),
(2116,3,20),
(2117,3,21),
(2118,3,22),
(2119,3,140),
(2120,3,141),
(2121,3,142),
(2122,3,143),
(2123,3,144),
(2124,3,46),
(2125,3,47),
(2126,3,48),
(2127,3,49),
(2128,3,50),
(2129,3,133),
(2130,3,134),
(2131,3,104),
(2132,3,120),
(2133,3,68),
(2134,3,99),
(2135,3,101),
(2136,3,103),
(2137,3,102),
(2138,3,107),
(2139,3,123),
(2140,3,124),
(2141,3,138),
(2142,3,139),
(2143,3,130),
(2144,3,131),
(2145,3,132),
(2360,7,59),
(2361,7,61),
(2362,7,65),
(2363,7,66),
(2364,7,60),
(2365,7,67),
(2366,7,62),
(2367,7,63),
(2368,7,64),
(2369,7,146),
(2370,7,150),
(2371,7,102),
(2372,7,138),
(2373,7,139),
(2374,7,106),
(2375,7,121),
(2376,7,122),
(2377,7,107),
(2378,7,123),
(2379,7,124),
(2432,6,1),
(2433,6,2),
(2434,6,15),
(2435,6,16),
(2436,6,59),
(2437,6,61),
(2438,6,65),
(2439,6,66),
(2440,6,60),
(2441,6,67),
(2442,6,62),
(2443,6,63),
(2444,6,64),
(2500,2,1),
(2501,2,41),
(2502,2,43),
(2503,2,44),
(2504,2,140),
(2505,2,141),
(2506,2,142),
(2507,2,143),
(2508,2,144),
(2509,2,2),
(2510,2,15),
(2511,2,16),
(2512,2,17),
(2513,2,18),
(2514,2,70),
(2515,2,72),
(2516,2,78),
(2517,2,79),
(2518,2,80),
(2519,2,81),
(2520,2,82),
(2521,2,83),
(2522,2,84),
(2523,2,85),
(2524,2,182),
(2525,2,130),
(2526,2,132),
(2527,2,164),
(2528,2,68),
(2529,2,103),
(2530,2,99),
(2531,2,101),
(2532,2,46),
(2533,2,47),
(2534,2,48),
(2535,2,49),
(2536,2,50),
(2537,2,133),
(2538,2,134),
(2539,2,104),
(2540,2,120),
(2541,2,59),
(2542,2,61),
(2543,2,65),
(2544,2,66),
(2545,2,60),
(2546,2,67),
(2547,2,62),
(2548,2,63),
(2549,2,64),
(2550,2,102),
(2551,2,138),
(2552,2,139),
(2553,2,106),
(2554,2,121),
(2555,2,122),
(2556,2,107),
(2557,2,123),
(2558,2,124),
(2559,2,108),
(2560,2,109),
(2561,2,110),
(2562,2,111),
(3051,8,70),
(3057,8,130),
(3058,8,131),
(3059,8,132),
(3060,8,68),
(3061,8,103),
(3062,8,46),
(3063,8,47),
(3064,8,151),
(3065,8,134),
(3066,8,156),
(3067,8,48),
(3068,8,133),
(3069,8,50),
(3070,8,49),
(3071,8,152),
(3072,8,153),
(3073,8,155),
(3074,8,154),
(3075,8,104),
(3076,8,120),
(3577,1,1),
(3578,1,140),
(3579,1,142),
(3580,1,144),
(3581,1,141),
(3582,1,143),
(3583,1,202),
(3584,1,203),
(3585,1,204),
(3586,1,205),
(3587,1,206),
(3588,1,197),
(3589,1,198),
(3590,1,199),
(3591,1,200),
(3592,1,201),
(3593,1,70),
(3594,1,119),
(3595,1,187),
(3596,1,188),
(3597,1,130),
(3598,1,131),
(3599,1,163),
(3600,1,162),
(3601,1,132),
(3602,1,164),
(3603,1,166),
(3604,1,165),
(3605,1,68),
(3606,1,103),
(3607,1,46),
(3608,1,47),
(3609,1,151),
(3610,1,156),
(3611,1,133),
(3612,1,49),
(3613,1,48),
(3614,1,134),
(3615,1,50),
(3616,1,152),
(3617,1,153),
(3618,1,155),
(3619,1,154),
(3620,1,207),
(3621,1,208),
(3622,1,104),
(3623,1,120),
(3624,1,59),
(3625,1,61),
(3626,1,65),
(3627,1,66),
(3628,1,60),
(3629,1,67),
(3630,1,62),
(3631,1,63),
(3632,1,64),
(3633,1,146),
(3634,1,150),
(3635,1,102),
(3636,1,138),
(3637,1,139),
(3638,1,148),
(3639,1,147),
(3640,1,149),
(3641,1,106),
(3642,1,122),
(3643,1,121),
(3644,1,172),
(3645,1,107),
(3646,1,123),
(3647,1,124);

/*Data for the table `sys_role_module` */

insert  into `sys_role_module`(`id`,`role_id`,`module_code`) values 
(1,0,'core'),
(2,0,'bcs'),
(16,8,'bcs'),
(25,1,'bcs');

/*Data for the table `sys_user` */

insert  into `sys_user`(`user_id`,`username`,`name`,`password`,`salt`,`email`,`mobile`,`status`,`pwd_security_level`,`pwd_update_date`,`comp_id`,`dept_id`,`create_time`,`card_id`,`avatar`,`update_time`,`update_by`,`create_by`,`remark`) values 
(1,'admin','超级管理员','77191ae6693e6db3e9ac44d57059bc046a5e93633b6700e95829b71c3b70dbfc','9rAjzhlpiE4cKEzJyy85','18774995071@163.com','18774995071','0','2','2019-12-11 19:45:08',1,1,'2018-05-11 11:11:11',NULL,'/profile/avatar/2020/03/15/01fa4b90869447cbfd0627203ef0c085.png','2020-03-15 08:47:27','admin','',''),
(1239817862977224705,'010010','运营部','07e500a50375a7fe0861704329e9a9bec167daa2977a017216ae592deb1f28bb','qD21n98emqZfpZqB0wRD','','15212365486','0','2',NULL,1,NULL,'2020-03-17 15:36:28','','',NULL,'','admin','');

/*Data for the table `sys_user_comp` */

insert  into `sys_user_comp`(`id`,`user_id`,`comp_id`) values 
(1,1,1);

/*Data for the table `sys_user_dept` */

insert  into `sys_user_dept`(`id`,`user_id`,`dept_id`) values 
(1239817863451181058,1239817862977224705,1238849577246834689);

/*Data for the table `sys_user_post` */

/*Data for the table `sys_user_role` */

insert  into `sys_user_role`(`id`,`user_id`,`role_id`) values 
(1239817863224688642,1239817862977224705,8);

/*!40101 SET SQL_MODE=@OLD_SQL_MODE */;
/*!40014 SET FOREIGN_KEY_CHECKS=@OLD_FOREIGN_KEY_CHECKS */;
/*!40014 SET UNIQUE_CHECKS=@OLD_UNIQUE_CHECKS */;
/*!40111 SET SQL_NOTES=@OLD_SQL_NOTES */;
